{ "extrinsic": [-0.20431213959200653, 0.9787889454456976, -0.015124479780660015, -0.017619460821151733, -0.0015297749351678865, -0.015769623309163733, -0.9998744815072214, -0.08140774071216583, -0.978904596681405, -0.20426335759011266, 0.004719252274417457, -0.17454712092876434, 0, 0, 0, 1], "intrinsic": [1286.79761890569, 0.0, 1016.91342620213, 0.0, 1286.955673371, 518.080716104507, 0.0, 0.0, 1.0] }