{
    "cam": {
        "D": [-0.479213646925443,
            0.286498957532696,
            0.00204899458308939,
            0.00282059124604331, -0.100340075630328
        ],
        "K": [
            [
                1286.79761890569,
                0.0,
                1016.91342620213
            ],
            [
                0.0,
                1286.955673371,
                518.080716104507
            ],
            [
                0.0,
                0.0,
                1.0
            ]
        ]
    },
    "tf": [
        [-0.20438136160373688, 0.9787775874137878, -0.014920671470463276, -0.016500547528266907],
        [-0.01360606774687767, -0.018081407994031906, -0.9997438788414001, -0.1278506964445114],
        [-0.9787967801094055, -0.2041260153055191, 0.017012817785143852, -0.180397167801857],
        [0, 0, 0, 1]
    ]

}